country,country_code_2_digit,country_code_3_digit,population,reported_year_week,reported_week_start_date,reported_week_end_date,source,new_hospital_occupancy_Count,new_icu_occupancy_Count
Netherlands,NL,NLD,17282163,2020-W43,2020-10-18,2020-10-24,,,1.86897901611043
Romania,RO,ROU,19414458,2020-W43,2020-10-18,2020-10-24,"TESSy COVID-19, national weekly data",136.042942841876,
Portugal,PT,PRT,10276617,2020-W43,2020-10-18,2020-10-24,"TESSy COVID-19, national daily data",2.3840530400228,
Estonia,EE,EST,1324820,2020-W43,2020-10-18,2020-10-24,"TESSy COVID-19, national weekly data",,0.301927809060854
United Kingdom,UK,GBR,66647112,2020-W43,2020-10-18,2020-10-24,,10.2585090258675,
Iceland,IS,ISL,356991,2020-W43,2020-10-18,2020-10-24,"TESSy COVID-19, national weekly data",14.8463126521397,
Ireland,IE,IRL,4904240,2020-W43,2020-10-18,2020-10-24,,4.44513319087157,0.244686230690178
Sweden,SE,SWE,10230185,2020-W43,2020-10-18,2020-10-24,,,0.273699840227718
Spain,ES,ESP,46937060,2020-W43,2020-10-18,2020-10-24,"TESSy COVID-19, national weekly data",6.40645153318082,0.323837922528595
Greece,EL,GRC,10724599,2020-W43,2020-10-18,2020-10-24,"TESSy COVID-19, national weekly data",,0.512839687525846
France,FR,FRA,67012883,2020-W43,2020-10-18,2020-10-24,,,2.70992668678349
Latvia,LV,LVA,1919968,2020-W43,2020-10-18,2020-10-24,"TESSy COVID-19, national weekly data",6.45844097401623,0.416673611226854
Slovenia,SI,SVN,2080908,2020-W43,2020-10-18,2020-10-24,"TESSy COVID-19, national weekly data",7.59283927977594,
Belgium,BE,BEL,11455519,2020-W43,2020-10-18,2020-10-24,"TESSy COVID-19, national weekly data",28.3793340135877,
Czechia,CZ,CZE,10649800,2020-W43,2020-10-18,2020-10-24,"TESSy COVID-19, national weekly data",81.9545906965389,14.9298578377059
Denmark,DK,DNK,5806081,2020-W43,2020-10-18,2020-10-24,,2.79017809086715,
Netherlands,NL,NLD,17282163,2020-W43,2020-10-18,2020-10-24,"TESSy COVID-19, national daily data",2.09464521310209,
Cyprus,CY,CYP,875899,2020-W42,2020-10-11,2020-10-17,"TESSy COVID-19, national daily data",2.39753670229102,0.342505243184431
Estonia,EE,EST,1324820,2020-W42,2020-10-11,2020-10-17,"TESSy COVID-19, national daily data",0.377409761326067,
Estonia,EE,EST,1324820,2020-W42,2020-10-11,2020-10-17,"TESSy COVID-19, national weekly data",,0.150963904530427
France,FR,FRA,67012883,2020-W42,2020-10-11,2020-10-17,,,2.00409225790211
Belgium,BE,BEL,11455519,2020-W42,2020-10-11,2020-10-17,"TESSy COVID-19, national weekly data",15.4510677342511,
Latvia,LV,LVA,1919968,2020-W42,2020-10-11,2020-10-17,"TESSy COVID-19, national weekly data",2.70837847297455,0.31250520842014
Netherlands,NL,NLD,17282163,2020-W42,2020-10-11,2020-10-17,,,1.52758656425125
Croatia,HR,HRV,4076246,2020-W42,2020-10-11,2020-10-17,,12.8304327069564,
Sweden,SE,SWE,10230185,2020-W42,2020-10-11,2020-10-17,,,0.185724891583095
Czechia,CZ,CZE,10649800,2020-W42,2020-10-11,2020-10-17,"TESSy COVID-19, national weekly data",53.6348100433811,10.7325959172942
United Kingdom,UK,GBR,66647112,2020-W42,2020-10-11,2020-10-17,,10.1684826193219,
Ireland,IE,IRL,4904240,2020-W42,2020-10-11,2020-10-17,,3.05857788362723,0.183514673017634
Denmark,DK,DNK,5806081,2020-W42,2020-10-11,2020-10-17,,2.49738162454158,
Romania,RO,ROU,19414458,2020-W42,2020-10-11,2020-10-17,"TESSy COVID-19, national weekly data",118.792911962827,
Spain,ES,ESP,46937060,2020-W42,2020-10-11,2020-10-17,"TESSy COVID-19, national weekly data",9.60222050550248,0.664719946242905
Iceland,IS,ISL,356991,2020-W42,2020-10-11,2020-10-17,"TESSy COVID-19, national weekly data",4.76202481295047,
Greece,EL,GRC,10724599,2020-W42,2020-10-11,2020-10-17,"TESSy COVID-19, national weekly data",,0.354325602290585
Portugal,PT,PRT,10276617,2020-W42,2020-10-11,2020-10-17,"TESSy COVID-19, national daily data",2.43270718369674,
Netherlands,NL,NLD,17282163,2020-W42,2020-10-11,2020-10-17,"TESSy COVID-19, national daily data",2.87001112071446,
Slovenia,SI,SVN,2080908,2020-W42,2020-10-11,2020-10-17,"TESSy COVID-19, national weekly data",7.59283927977594,
Netherlands,NL,NLD,17282163,2020-W41,2020-10-04,2020-10-10,,,1.05889523203779
Greece,EL,GRC,10724599,2020-W41,2020-10-04,2020-10-10,"TESSy COVID-19, national weekly data",,0.382298676155631
Iceland,IS,ISL,356991,2020-W41,2020-10-04,2020-10-10,"TESSy COVID-19, national weekly data",6.44273945281534,
Netherlands,NL,NLD,17282163,2020-W41,2020-10-04,2020-10-10,"TESSy COVID-19, national daily data",2.42446503947452,
Belgium,BE,BEL,11455519,2020-W41,2020-10-04,2020-10-10,"TESSy COVID-19, national weekly data",7.68188678313047,
Estonia,EE,EST,1324820,2020-W41,2020-10-04,2020-10-10,"TESSy COVID-19, national weekly data",,0.301927809060854
Ireland,IE,IRL,4904240,2020-W41,2020-10-04,2020-10-10,,2.22256659543579,0.0815620768967261
Spain,ES,ESP,46937060,2020-W41,2020-10-04,2020-10-10,"TESSy COVID-19, national weekly data",9.14629079878459,0.703069173910765
Romania,RO,ROU,19414458,2020-W41,2020-10-04,2020-10-10,"TESSy COVID-19, national weekly data",94.357514384383,
Denmark,DK,DNK,5806081,2020-W41,2020-10-04,2020-10-10,,1.87734204879333,
Portugal,PT,PRT,10276617,2020-W41,2020-10-04,2020-10-10,"TESSy COVID-19, national daily data",1.77101082973122,
United Kingdom,UK,GBR,66647112,2020-W41,2020-10-04,2020-10-10,,7.29964113073647,
Latvia,LV,LVA,1919968,2020-W41,2020-10-04,2020-10-10,"TESSy COVID-19, national weekly data",2.55212586876448,0.15625260421007
France,FR,FRA,67012883,2020-W41,2020-10-04,2020-10-10,,,1.35794784414812
Cyprus,CY,CYP,875899,2020-W41,2020-10-04,2020-10-10,"TESSy COVID-19, national daily data",0.456673657579241,
Croatia,HR,HRV,4076246,2020-W41,2020-10-04,2020-10-10,,8.31647550221454,
Estonia,EE,EST,1324820,2020-W41,2020-10-04,2020-10-10,"TESSy COVID-19, national daily data",0.754819522652134,
Czechia,CZ,CZE,10649800,2020-W41,2020-10-04,2020-10-10,"TESSy COVID-19, national weekly data",32.5546019643561,7.75601419744972
Sweden,SE,SWE,10230185,2020-W41,2020-10-04,2020-10-10,,,0.1661749029954
Slovenia,SI,SVN,2080908,2020-W41,2020-10-04,2020-10-10,"TESSy COVID-19, national weekly data",4.42114692240118,
France,FR,FRA,67012883,2020-W40,2020-09-27,2020-10-03,,,1.33257958771898
Croatia,HR,HRV,4076246,2020-W40,2020-09-27,2020-10-03,,5.69151125815272,
Spain,ES,ESP,46937060,2020-W40,2020-09-27,2020-10-03,"TESSy COVID-19, national weekly data",7.59101656558805,0.613587642685758
Cyprus,CY,CYP,875899,2020-W40,2020-09-27,2020-10-03,"TESSy COVID-19, national daily data",0.456673657579241,0.342505243184431
Belgium,BE,BEL,11455519,2020-W40,2020-09-27,2020-10-03,"TESSy COVID-19, national weekly data",4.72261448826544,
Portugal,PT,PRT,10276617,2020-W40,2020-09-27,2020-10-03,"TESSy COVID-19, national daily data",1.54720176883112,
Latvia,LV,LVA,1919968,2020-W40,2020-09-27,2020-10-03,"TESSy COVID-19, national weekly data",1.35418923648728,0.208336805613427
Netherlands,NL,NLD,17282163,2020-W40,2020-09-27,2020-10-03,"TESSy COVID-19, national daily data",1.93841476903094,
Netherlands,NL,NLD,17282163,2020-W40,2020-09-27,2020-10-03,,,0.676998590974984
Estonia,EE,EST,1324820,2020-W40,2020-09-27,2020-10-03,"TESSy COVID-19, national daily data",1.88704880663034,
Sweden,SE,SWE,10230185,2020-W40,2020-09-27,2020-10-03,,,0.117299931526165
Iceland,IS,ISL,356991,2020-W40,2020-09-27,2020-10-03,"TESSy COVID-19, national weekly data",4.48190570630632,
Germany,DE,DEU,83019213,2020-W40,2020-09-27,2020-10-03,"TESSy COVID-19, national daily data",0.379430241045528,
Denmark,DK,DNK,5806081,2020-W40,2020-09-27,2020-10-03,,2.22180847976458,
United Kingdom,UK,GBR,66647112,2020-W40,2020-09-27,2020-10-03,,5.23203466040659,
Czechia,CZ,CZE,10649800,2020-W40,2020-09-27,2020-10-03,"TESSy COVID-19, national weekly data",19.0707806719375,4.5634659805818
Romania,RO,ROU,19414458,2020-W40,2020-09-27,2020-10-03,"TESSy COVID-19, national weekly data",54.7375569279348,
Greece,EL,GRC,10724599,2020-W40,2020-09-27,2020-10-03,"TESSy COVID-19, national weekly data",,0.447569181840738
Ireland,IE,IRL,4904240,2020-W40,2020-09-27,2020-10-03,,1.38655530724434,0.183514673017634
Slovenia,SI,SVN,2080908,2020-W40,2020-09-27,2020-10-03,"TESSy COVID-19, national weekly data",2.97946857813993,
Estonia,EE,EST,1324820,2020-W40,2020-09-27,2020-10-03,"TESSy COVID-19, national weekly data",,0.301927809060854
Cyprus,CY,CYP,875899,2020-W39,2020-09-20,2020-09-26,"TESSy COVID-19, national daily data",1.37002097273772,0.342505243184431
Portugal,PT,PRT,10276617,2020-W39,2020-09-20,2020-09-26,"TESSy COVID-19, national daily data",1.47908596768762,
Latvia,LV,LVA,1919968,2020-W39,2020-09-20,2020-09-26,"TESSy COVID-19, national weekly data",0.31250520842014,0.0
Ireland,IE,IRL,4904240,2020-W39,2020-09-20,2020-09-26,,1.14186907655417,0.0815620768967261
France,FR,FRA,67012883,2020-W39,2020-09-20,2020-09-26,,,1.17290879725321
United Kingdom,UK,GBR,66647112,2020-W39,2020-09-20,2020-09-26,,3.88013812211398,
Slovenia,SI,SVN,2080908,2020-W39,2020-09-20,2020-09-26,"TESSy COVID-19, national weekly data",2.06640562677447,
Estonia,EE,EST,1324820,2020-W39,2020-09-20,2020-09-26,"TESSy COVID-19, national daily data",1.88704880663034,
Estonia,EE,EST,1324820,2020-W39,2020-09-20,2020-09-26,"TESSy COVID-19, national weekly data",,0.22644585679564
Netherlands,NL,NLD,17282163,2020-W39,2020-09-20,2020-09-26,,,0.514981834160458
Sweden,SE,SWE,10230185,2020-W39,2020-09-20,2020-09-26,,,0.0781999543507767
Romania,RO,ROU,19414458,2020-W39,2020-09-20,2020-09-26,"TESSy COVID-19, national weekly data",48.8141363513728,
Croatia,HR,HRV,4076246,2020-W39,2020-09-20,2020-09-26,,5.02913710310909,
Czechia,CZ,CZE,10649800,2020-W39,2020-09-20,2020-09-26,"TESSy COVID-19, national weekly data",12.9579898214051,3.00475126293452
Belgium,BE,BEL,11455519,2020-W39,2020-09-20,2020-09-26,"TESSy COVID-19, national weekly data",3.91077872595733,
Greece,EL,GRC,10724599,2020-W39,2020-09-20,2020-09-26,"TESSy COVID-19, national weekly data",,0.270406380695446
Denmark,DK,DNK,5806081,2020-W39,2020-09-20,2020-09-26,,2.30792508750739,
Spain,ES,ESP,46937060,2020-W39,2020-09-20,2020-09-26,"TESSy COVID-19, national weekly data",8.08955652527022,0.619979180630402
Netherlands,NL,NLD,17282163,2020-W39,2020-09-20,2020-09-26,"TESSy COVID-19, national daily data",1.55073181522475,
Germany,DE,DEU,83019213,2020-W39,2020-09-20,2020-09-26,"TESSy COVID-19, national daily data",0.496270664478595,
Romania,RO,ROU,19414458,2020-W38,2020-09-13,2020-09-19,"TESSy COVID-19, national weekly data",44.9973931798663,
Greece,EL,GRC,10724599,2020-W38,2020-09-13,2020-09-19,"TESSy COVID-19, national weekly data",,0.419596107975692
Netherlands,NL,NLD,17282163,2020-W38,2020-09-13,2020-09-19,"TESSy COVID-19, national daily data",1.07625417026792,
Belgium,BE,BEL,11455519,2020-W38,2020-09-13,2020-09-19,"TESSy COVID-19, national weekly data",2.76722512528677,
Estonia,EE,EST,1324820,2020-W38,2020-09-13,2020-09-19,"TESSy COVID-19, national daily data",1.20771123624341,
Estonia,EE,EST,1324820,2020-W38,2020-09-13,2020-09-19,"TESSy COVID-19, national weekly data",,0.22644585679564
Sweden,SE,SWE,10230185,2020-W38,2020-09-13,2020-09-19,,,0.0684249600569296
Germany,DE,DEU,83019213,2020-W38,2020-09-13,2020-09-19,"TESSy COVID-19, national daily data",0.502293366717413,
Denmark,DK,DNK,5806081,2020-W38,2020-09-13,2020-09-19,,2.03235194273039,
Spain,ES,ESP,46937060,2020-W38,2020-09-13,2020-09-19,"TESSy COVID-19, national weekly data",8.63070673791669,0.664719946242905
Slovenia,SI,SVN,2080908,2020-W38,2020-09-13,2020-09-19,"TESSy COVID-19, national weekly data",1.97029373715705,
Portugal,PT,PRT,10276617,2020-W38,2020-09-13,2020-09-19,"TESSy COVID-19, national daily data",1.54720176883112,
Cyprus,CY,CYP,875899,2020-W38,2020-09-13,2020-09-19,"TESSy COVID-19, national daily data",0.570842071974052,
Latvia,LV,LVA,1919968,2020-W38,2020-09-13,2020-09-19,"TESSy COVID-19, national weekly data",0.364589409823497,0.0
United Kingdom,UK,GBR,66647112,2020-W38,2020-09-13,2020-09-19,,2.76231024083984,
Netherlands,NL,NLD,17282163,2020-W38,2020-09-13,2020-09-19,,,0.295101949912172
Ireland,IE,IRL,4904240,2020-W38,2020-09-13,2020-09-19,,0.999135441984895,0.122343115345089
France,FR,FRA,67012883,2020-W38,2020-09-13,2020-09-19,,,0.893857976532662
Czechia,CZ,CZE,10649800,2020-W38,2020-09-13,2020-09-19,"TESSy COVID-19, national weekly data",8.10343856222652,1.71834212849068
Croatia,HR,HRV,4076246,2020-W38,2020-09-13,2020-09-19,,4.19503631527636,
Greece,EL,GRC,10724599,2020-W37,2020-09-06,2020-09-12,"TESSy COVID-19, national weekly data",,0.335676886380554
Germany,DE,DEU,83019213,2020-W37,2020-09-06,2020-09-12,"TESSy COVID-19, national daily data",0.374612079254473,
France,FR,FRA,67012883,2020-W37,2020-09-06,2020-09-12,,,0.637190911484886
Denmark,DK,DNK,5806081,2020-W37,2020-09-06,2020-09-12,,1.34341908078788,
Estonia,EE,EST,1324820,2020-W37,2020-09-06,2020-09-12,"TESSy COVID-19, national daily data",0.754819522652134,
Belgium,BE,BEL,11455519,2020-W37,2020-09-06,2020-09-12,"TESSy COVID-19, national weekly data",1.85936577818954,
United Kingdom,UK,GBR,66647112,2020-W37,2020-09-06,2020-09-12,,2.08111043131171,
Spain,ES,ESP,46937060,2020-W37,2020-09-06,2020-09-12,"TESSy COVID-19, national weekly data",8.82458338890421,0.690286098021478
Netherlands,NL,NLD,17282163,2020-W37,2020-09-06,2020-09-12,"TESSy COVID-19, national daily data",0.49762289593033,
Slovenia,SI,SVN,2080908,2020-W37,2020-09-06,2020-09-12,"TESSy COVID-19, national weekly data",1.73001401311351,
Sweden,SE,SWE,10230185,2020-W37,2020-09-06,2020-09-12,,,0.0879749486446237
Latvia,LV,LVA,1919968,2020-W37,2020-09-06,2020-09-12,"TESSy COVID-19, national weekly data",0.31250520842014,0.0
Romania,RO,ROU,19414458,2020-W37,2020-09-06,2020-09-12,"TESSy COVID-19, national weekly data",40.135037506584,
Portugal,PT,PRT,10276617,2020-W37,2020-09-06,2020-09-12,"TESSy COVID-19, national daily data",1.39150850907453,
Estonia,EE,EST,1324820,2020-W37,2020-09-06,2020-09-12,"TESSy COVID-19, national weekly data",,0.0754819522652134
Croatia,HR,HRV,4076246,2020-W37,2020-09-06,2020-09-12,,5.37259036868727,
Netherlands,NL,NLD,17282163,2020-W37,2020-09-06,2020-09-12,,,0.167803069557902
Czechia,CZ,CZE,10649800,2020-W37,2020-09-06,2020-09-12,"TESSy COVID-19, national weekly data",4.76065278221187,1.1080020282071
Cyprus,CY,CYP,875899,2020-W37,2020-09-06,2020-09-12,"TESSy COVID-19, national daily data",0.11416841439481,
Ireland,IE,IRL,4904240,2020-W37,2020-09-06,2020-09-12,,0.489372461380357,0.0
Greece,EL,GRC,10724599,2020-W36,2020-08-30,2020-09-05,"TESSy COVID-19, national weekly data",,0.205135875010338
Czechia,CZ,CZE,10649800,2020-W36,2020-08-30,2020-09-05,"TESSy COVID-19, national weekly data",3.09864973990122,0.741797968036958
Sweden,SE,SWE,10230185,2020-W36,2020-08-30,2020-09-05,,,0.0781999543507767
Germany,DE,DEU,83019213,2020-W36,2020-08-30,2020-09-05,"TESSy COVID-19, national daily data",0.307157814179713,
Croatia,HR,HRV,4076246,2020-W36,2020-08-30,2020-09-05,,5.74057601037818,
Spain,ES,ESP,46937060,2020-W36,2020-08-30,2020-09-05,"TESSy COVID-19, national weekly data",8.1300362655863,0.798942243080415
Denmark,DK,DNK,5806081,2020-W36,2020-08-30,2020-09-05,,0.775049469685318,
Slovenia,SI,SVN,2080908,2020-W36,2020-08-30,2020-09-05,"TESSy COVID-19, national weekly data",0.768895116939336,
Cyprus,CY,CYP,875899,2020-W36,2020-08-30,2020-09-05,"TESSy COVID-19, national daily data",0.11416841439481,
Estonia,EE,EST,1324820,2020-W36,2020-08-30,2020-09-05,"TESSy COVID-19, national daily data",0.22644585679564,
Ireland,IE,IRL,4904240,2020-W36,2020-08-30,2020-09-05,,0.407810384483631,0.0203905192241815
Estonia,EE,EST,1324820,2020-W36,2020-08-30,2020-09-05,"TESSy COVID-19, national weekly data",,0.0
Netherlands,NL,NLD,17282163,2020-W36,2020-08-30,2020-09-05,"TESSy COVID-19, national daily data",0.329819826372428,
Latvia,LV,LVA,1919968,2020-W36,2020-08-30,2020-09-05,"TESSy COVID-19, national weekly data",0.260421007016784,0.0
United Kingdom,UK,GBR,66647112,2020-W36,2020-08-30,2020-09-05,,1.37890446025628,
Romania,RO,ROU,19414458,2020-W36,2020-08-30,2020-09-05,"TESSy COVID-19, national weekly data",41.3145708213951,
Netherlands,NL,NLD,17282163,2020-W36,2020-08-30,2020-09-05,,,0.0925810038940149
Portugal,PT,PRT,10276617,2020-W36,2020-08-30,2020-09-05,"TESSy COVID-19, national daily data",1.15796861943965,
France,FR,FRA,67012883,2020-W36,2020-08-30,2020-09-05,,,0.429768108917206
Belgium,BE,BEL,11455519,2020-W36,2020-08-30,2020-09-05,"TESSy COVID-19, national weekly data",1.03880059908242,
Denmark,DK,DNK,5806081,2020-W35,2020-08-23,2020-08-29,,0.39613639561694,
Estonia,EE,EST,1324820,2020-W35,2020-08-23,2020-08-29,"TESSy COVID-19, national weekly data",,0.0
Slovenia,SI,SVN,2080908,2020-W35,2020-08-23,2020-08-29,"TESSy COVID-19, national weekly data",0.33639161366096,
Portugal,PT,PRT,10276617,2020-W35,2020-08-23,2020-08-29,"TESSy COVID-19, national daily data",0.788197127517743,
Latvia,LV,LVA,1919968,2020-W35,2020-08-23,2020-08-29,"TESSy COVID-19, national weekly data",0.208336805613427,0.0
Estonia,EE,EST,1324820,2020-W35,2020-08-23,2020-08-29,"TESSy COVID-19, national daily data",0.150963904530427,
Greece,EL,GRC,10724599,2020-W35,2020-08-23,2020-08-29,"TESSy COVID-19, national weekly data",,0.167838443190277
France,FR,FRA,67012883,2020-W35,2020-08-23,2020-08-29,,,0.313372579418796
Sweden,SE,SWE,10230185,2020-W35,2020-08-23,2020-08-29,,,0.0684249600569296
United Kingdom,UK,GBR,66647112,2020-W35,2020-08-23,2020-08-29,,1.20185252738333,
Czechia,CZ,CZE,10649800,2020-W35,2020-08-23,2020-08-29,"TESSy COVID-19, national weekly data",2.25356344720089,0.535221318710211
Romania,RO,ROU,19414458,2020-W35,2020-08-23,2020-08-29,"TESSy COVID-19, national weekly data",39.3830206333857,
Netherlands,NL,NLD,17282163,2020-W35,2020-08-23,2020-08-29,"TESSy COVID-19, national daily data",0.237238822478413,
Germany,DE,DEU,83019213,2020-W35,2020-08-23,2020-08-29,"TESSy COVID-19, national daily data",0.283067005224441,
Spain,ES,ESP,46937060,2020-W35,2020-08-23,2020-08-29,"TESSy COVID-19, national weekly data",7.31618043396838,0.671111484187548
Belgium,BE,BEL,11455519,2020-W35,2020-08-23,2020-08-29,"TESSy COVID-19, national weekly data",0.899129930298226,
Ireland,IE,IRL,4904240,2020-W35,2020-08-23,2020-08-29,,0.448591422931994,0.040781038448363
Netherlands,NL,NLD,17282163,2020-W35,2020-08-23,2020-08-29,,,0.0694357529205112
Cyprus,CY,CYP,875899,2020-W35,2020-08-23,2020-08-29,"TESSy COVID-19, national daily data",0.570842071974052,
Croatia,HR,HRV,4076246,2020-W35,2020-08-23,2020-08-29,,4.63661908530545,
Estonia,EE,EST,1324820,2020-W34,2020-08-16,2020-08-22,"TESSy COVID-19, national daily data",0.528373665856494,
Spain,ES,ESP,46937060,2020-W34,2020-08-16,2020-08-22,"TESSy COVID-19, national weekly data",6.24879359721295,0.556063801183969
Belgium,BE,BEL,11455519,2020-W34,2020-08-16,2020-08-22,"TESSy COVID-19, national weekly data",1.48400085583202,
Estonia,EE,EST,1324820,2020-W34,2020-08-16,2020-08-22,"TESSy COVID-19, national weekly data",,0.0
Sweden,SE,SWE,10230185,2020-W34,2020-08-16,2020-08-22,,,0.0781999543507767
Netherlands,NL,NLD,17282163,2020-W34,2020-08-16,2020-08-22,,,0.162016756814526
Ireland,IE,IRL,4904240,2020-W34,2020-08-16,2020-08-22,,0.346638826811086,0.040781038448363
Slovenia,SI,SVN,2080908,2020-W34,2020-08-16,2020-08-22,"TESSy COVID-19, national weekly data",0.240279724043543,
Portugal,PT,PRT,10276617,2020-W34,2020-08-16,2020-08-22,"TESSy COVID-19, national daily data",0.642234696495938,
Romania,RO,ROU,19414458,2020-W34,2020-08-16,2020-08-22,"TESSy COVID-19, national weekly data",39.7435766684808,
Latvia,LV,LVA,1919968,2020-W34,2020-08-16,2020-08-22,"TESSy COVID-19, national weekly data",0.260421007016784,0.0
France,FR,FRA,67012883,2020-W34,2020-08-16,2020-08-22,,,0.259651565804146
Cyprus,CY,CYP,875899,2020-W34,2020-08-16,2020-08-22,"TESSy COVID-19, national daily data",0.456673657579241,
Germany,DE,DEU,83019213,2020-W34,2020-08-16,2020-08-22,"TESSy COVID-19, national daily data",0.319203218657349,
Netherlands,NL,NLD,17282163,2020-W34,2020-08-16,2020-08-22,"TESSy COVID-19, national daily data",0.254597760708541,
Greece,EL,GRC,10724599,2020-W34,2020-08-16,2020-08-22,"TESSy COVID-19, national weekly data",,0.186487159100308
Denmark,DK,DNK,5806081,2020-W34,2020-08-16,2020-08-22,,0.585592932651129,
United Kingdom,UK,GBR,66647112,2020-W34,2020-08-16,2020-08-22,,1.01429751374673,
Croatia,HR,HRV,4076246,2020-W34,2020-08-16,2020-08-22,,2.40417285904727,
Czechia,CZ,CZE,10649800,2020-W34,2020-08-16,2020-08-22,"TESSy COVID-19, national weekly data",1.92491877781742,0.422543146350166
Germany,DE,DEU,83019213,2020-W33,2020-08-09,2020-08-15,"TESSy COVID-19, national daily data",0.368589377015655,
France,FR,FRA,67012883,2020-W33,2020-08-09,2020-08-15,,,0.191008048407647
Sweden,SE,SWE,10230185,2020-W33,2020-08-09,2020-08-15,,,0.127074925820012
Denmark,DK,DNK,5806081,2020-W33,2020-08-09,2020-08-15,,0.465029681811191,
Croatia,HR,HRV,4076246,2020-W33,2020-08-09,2020-08-15,,1.71726632789091,
United Kingdom,UK,GBR,66647112,2020-W33,2020-08-09,2020-08-15,,1.04880763625587,
Ireland,IE,IRL,4904240,2020-W33,2020-08-09,2020-08-15,,0.285467269138541,0.0
Slovenia,SI,SVN,2080908,2020-W33,2020-08-09,2020-08-15,"TESSy COVID-19, national weekly data",0.240279724043543,
Spain,ES,ESP,46937060,2020-W33,2020-08-09,2020-08-15,"TESSy COVID-19, national weekly data",4.92361473002357,0.426102529642888
Czechia,CZ,CZE,10649800,2020-W33,2020-08-09,2020-08-15,"TESSy COVID-19, national weekly data",1.82163045315405,0.347424364776803
Portugal,PT,PRT,10276617,2020-W33,2020-08-09,2020-08-15,"TESSy COVID-19, national daily data",0.583849724087217,
Belgium,BE,BEL,11455519,2020-W33,2020-08-09,2020-08-15,"TESSy COVID-19, national weekly data",2.1299776989589,
Romania,RO,ROU,19414458,2020-W33,2020-08-09,2020-08-15,"TESSy COVID-19, national weekly data",22.7768398170065,
Cyprus,CY,CYP,875899,2020-W33,2020-08-09,2020-08-15,"TESSy COVID-19, national daily data",0.228336828789621,
Estonia,EE,EST,1324820,2020-W33,2020-08-09,2020-08-15,"TESSy COVID-19, national weekly data",,0.0
Netherlands,NL,NLD,17282163,2020-W33,2020-08-09,2020-08-15,"TESSy COVID-19, national daily data",0.422400830266443,
Estonia,EE,EST,1324820,2020-W33,2020-08-09,2020-08-15,"TESSy COVID-19, national daily data",0.150963904530427,
Netherlands,NL,NLD,17282163,2020-W33,2020-08-09,2020-08-15,,,0.150444131327774
Greece,EL,GRC,10724599,2020-W33,2020-08-09,2020-08-15,"TESSy COVID-19, national weekly data",,0.111892295460185
Latvia,LV,LVA,1919968,2020-W33,2020-08-09,2020-08-15,"TESSy COVID-19, national weekly data",0.104168402806713,0.0
Czechia,CZ,CZE,10649800,2020-W32,2020-08-02,2020-08-08,"TESSy COVID-19, national weekly data",1.70895228079401,0.300475126293452
Netherlands,NL,NLD,17282163,2020-W32,2020-08-02,2020-08-08,,,0.0983673166373908
Spain,ES,ESP,46937060,2020-W32,2020-08-02,2020-08-08,"TESSy COVID-19, national weekly data",3.33212178180738,0.270575106323234
Romania,RO,ROU,19414458,2020-W32,2020-08-02,2020-08-08,"TESSy COVID-19, national weekly data",39.7332750674781,
Cyprus,CY,CYP,875899,2020-W32,2020-08-02,2020-08-08,"TESSy COVID-19, national daily data",0.456673657579241,0.11416841439481
Denmark,DK,DNK,5806081,2020-W32,2020-08-02,2020-08-08,,0.551146289554004,
Ireland,IE,IRL,4904240,2020-W32,2020-08-02,2020-08-08,,0.163124153793452,0.0203905192241815
Greece,EL,GRC,10724599,2020-W32,2020-08-02,2020-08-08,"TESSy COVID-19, national weekly data",,0.149189727280246
Croatia,HR,HRV,4076246,2020-W32,2020-08-02,2020-08-08,,1.57007207121454,
Sweden,SE,SWE,10230185,2020-W32,2020-08-02,2020-08-08,,,0.156399908701553
France,FR,FRA,67012883,2020-W32,2020-08-02,2020-08-08,,,0.182054546138539
Germany,DE,DEU,83019213,2020-W32,2020-08-02,2020-08-08,"TESSy COVID-19, national daily data",0.320407759105112,
United Kingdom,UK,GBR,66647112,2020-W32,2020-08-02,2020-08-08,,1.24536529054702,
Netherlands,NL,NLD,17282163,2020-W32,2020-08-02,2020-08-08,"TESSy COVID-19, national daily data",0.34139245185918,
Estonia,EE,EST,1324820,2020-W32,2020-08-02,2020-08-08,"TESSy COVID-19, national daily data",0.301927809060854,
Portugal,PT,PRT,10276617,2020-W32,2020-08-02,2020-08-08,"TESSy COVID-19, national daily data",0.788197127517743,
Belgium,BE,BEL,11455519,2020-W32,2020-08-02,2020-08-08,"TESSy COVID-19, national weekly data",1.64985977501325,
Estonia,EE,EST,1324820,2020-W32,2020-08-02,2020-08-08,"TESSy COVID-19, national weekly data",,0.0754819522652134
Latvia,LV,LVA,1919968,2020-W32,2020-08-02,2020-08-08,"TESSy COVID-19, national weekly data",0.260421007016784,0.0
Slovenia,SI,SVN,2080908,2020-W32,2020-08-02,2020-08-08,"TESSy COVID-19, national weekly data",0.384447558469668,
Cyprus,CY,CYP,875899,2020-W31,2020-07-26,2020-08-01,"TESSy COVID-19, national daily data",0.913347315158483,
Ireland,IE,IRL,4904240,2020-W31,2020-07-26,2020-08-01,,0.122343115345089,0.0203905192241815
Greece,EL,GRC,10724599,2020-W31,2020-07-26,2020-08-01,"TESSy COVID-19, national weekly data",,0.102567937505169
Croatia,HR,HRV,4076246,2020-W31,2020-07-26,2020-08-01,,1.86446058456727,
Estonia,EE,EST,1324820,2020-W31,2020-07-26,2020-08-01,"TESSy COVID-19, national daily data",0.150963904530427,
Sweden,SE,SWE,10230185,2020-W31,2020-07-26,2020-08-01,,,0.117299931526165
France,FR,FRA,67012883,2020-W31,2020-07-26,2020-08-01,,,0.156686289709398
Portugal,PT,PRT,10276617,2020-W31,2020-07-26,2020-08-01,"TESSy COVID-19, national daily data",0.768735470048169,
Belgium,BE,BEL,11455519,2020-W31,2020-07-26,2020-08-01,"TESSy COVID-19, national weekly data",1.466542022234,
Netherlands,NL,NLD,17282163,2020-W31,2020-07-26,2020-08-01,"TESSy COVID-19, national daily data",0.254597760708541,
Denmark,DK,DNK,5806081,2020-W31,2020-07-26,2020-08-01,,0.430583038714066,
Czechia,CZ,CZE,10649800,2020-W31,2020-07-26,2020-08-01,"TESSy COVID-19, national weekly data",1.63383349922064,0.281695430900111
Romania,RO,ROU,19414458,2020-W31,2020-07-26,2020-08-01,"TESSy COVID-19, national weekly data",38.3580113336154,
Estonia,EE,EST,1324820,2020-W31,2020-07-26,2020-08-01,"TESSy COVID-19, national weekly data",,0.0
Netherlands,NL,NLD,17282163,2020-W31,2020-07-26,2020-08-01,,,0.086794691150639
United Kingdom,UK,GBR,66647112,2020-W31,2020-07-26,2020-08-01,,1.25886925152886,
Latvia,LV,LVA,1919968,2020-W31,2020-07-26,2020-08-01,"TESSy COVID-19, national weekly data",0.104168402806713,0.0
Spain,ES,ESP,46937060,2020-W31,2020-07-26,2020-08-01,"TESSy COVID-19, national weekly data",2.36273852686981,0.204529214228586
Germany,DE,DEU,83019213,2020-W31,2020-07-26,2020-08-01,"TESSy COVID-19, national daily data",0.358953053433547,
Slovenia,SI,SVN,2080908,2020-W31,2020-07-26,2020-08-01,"TESSy COVID-19, national weekly data",0.384447558469668,
Netherlands,NL,NLD,17282163,2020-W30,2020-07-19,2020-07-25,,,0.0405041892036315
France,FR,FRA,67012883,2020-W30,2020-07-19,2020-07-25,,,0.126841282145703
Portugal,PT,PRT,10276617,2020-W30,2020-07-19,2020-07-25,"TESSy COVID-19, national daily data",0.778466298782956,
Greece,EL,GRC,10724599,2020-W30,2020-07-19,2020-07-25,"TESSy COVID-19, national weekly data",,0.0652705056851077
Czechia,CZ,CZE,10649800,2020-W30,2020-07-19,2020-07-25,"TESSy COVID-19, national weekly data",1.28640913444384,0.26291573550677
Sweden,SE,SWE,10230185,2020-W30,2020-07-19,2020-07-25,,,0.117299931526165
Belgium,BE,BEL,11455519,2020-W30,2020-07-19,2020-07-25,"TESSy COVID-19, national weekly data",1.08244768307748,
Estonia,EE,EST,1324820,2020-W30,2020-07-19,2020-07-25,"TESSy COVID-19, national daily data",0.0754819522652134,
Netherlands,NL,NLD,17282163,2020-W30,2020-07-19,2020-07-25,"TESSy COVID-19, national daily data",0.150444131327774,
United Kingdom,UK,GBR,66647112,2020-W30,2020-07-19,2020-07-25,,1.48993702832915,
Cyprus,CY,CYP,875899,2020-W30,2020-07-19,2020-07-25,"TESSy COVID-19, national daily data",0.11416841439481,
Spain,ES,ESP,46937060,2020-W30,2020-07-19,2020-07-25,"TESSy COVID-19, national weekly data",1.55101320790011,0.11504768300358
Denmark,DK,DNK,5806081,2020-W30,2020-07-19,2020-07-25,,0.32724310942269,
Latvia,LV,LVA,1919968,2020-W30,2020-07-19,2020-07-25,"TESSy COVID-19, national weekly data",0.0520842014033567,0.0
Slovenia,SI,SVN,2080908,2020-W30,2020-07-19,2020-07-25,"TESSy COVID-19, national weekly data",0.480559448087085,
Ireland,IE,IRL,4904240,2020-W30,2020-07-19,2020-07-25,,0.224295711465997,0.0611715576725446
Croatia,HR,HRV,4076246,2020-W30,2020-07-19,2020-07-25,,2.01165484124363,
Estonia,EE,EST,1324820,2020-W30,2020-07-19,2020-07-25,"TESSy COVID-19, national weekly data",,0.0
Germany,DE,DEU,83019213,2020-W30,2020-07-19,2020-07-25,"TESSy COVID-19, national daily data",0.332453163582748,
Romania,RO,ROU,19414458,2020-W30,2020-07-19,2020-07-25,"TESSy COVID-19, national weekly data",38.6670593636969,
Romania,RO,ROU,19414458,2020-W29,2020-07-12,2020-07-18,"TESSy COVID-19, national weekly data",,
Sweden,SE,SWE,10230185,2020-W29,2020-07-12,2020-07-18,,,0.136849920113859
Estonia,EE,EST,1324820,2020-W29,2020-07-12,2020-07-18,"TESSy COVID-19, national weekly data",,0.0754819522652134
Croatia,HR,HRV,4076246,2020-W29,2020-07-12,2020-07-18,,2.45323761127273,
Belgium,BE,BEL,11455519,2020-W29,2020-07-12,2020-07-18,"TESSy COVID-19, national weekly data",0.820565179107119,
United Kingdom,UK,GBR,66647112,2020-W29,2020-07-12,2020-07-18,,1.61447355738385,
Netherlands,NL,NLD,17282163,2020-W29,2020-07-12,2020-07-18,"TESSy COVID-19, national daily data",0.086794691150639,
Slovenia,SI,SVN,2080908,2020-W29,2020-07-12,2020-07-18,"TESSy COVID-19, national weekly data",0.288335668852251,
Portugal,PT,PRT,10276617,2020-W29,2020-07-12,2020-07-18,"TESSy COVID-19, national daily data",0.973082873478694,
Latvia,LV,LVA,1919968,2020-W29,2020-07-12,2020-07-18,"TESSy COVID-19, national weekly data",0.0520842014033567,0.0
Spain,ES,ESP,46937060,2020-W29,2020-07-12,2020-07-18,"TESSy COVID-19, national weekly data",0.960861204344712,0.0660458920946476
Ireland,IE,IRL,4904240,2020-W29,2020-07-12,2020-07-18,,0.183514673017634,0.040781038448363
Denmark,DK,DNK,5806081,2020-W29,2020-07-12,2020-07-18,,0.241126501679877,
Cyprus,CY,CYP,875899,2020-W29,2020-07-12,2020-07-18,"TESSy COVID-19, national daily data",0.11416841439481,
France,FR,FRA,67012883,2020-W29,2020-07-12,2020-07-18,,,0.123856781389334
Netherlands,NL,NLD,17282163,2020-W29,2020-07-12,2020-07-18,,,0.0173589382301278
Germany,DE,DEU,83019213,2020-W29,2020-07-12,2020-07-18,"TESSy COVID-19, national daily data",0.296316950149841,
Greece,EL,GRC,10724599,2020-W29,2020-07-12,2020-07-18,"TESSy COVID-19, national weekly data",,0.0186487159100308
Czechia,CZ,CZE,10649800,2020-W29,2020-07-12,2020-07-18,"TESSy COVID-19, national weekly data",1.04227309433041,0.244136040113429
Germany,DE,DEU,83019213,2020-W28,2020-07-05,2020-07-11,"TESSy COVID-19, national daily data",0.261385277164697,
Croatia,HR,HRV,4076246,2020-W28,2020-07-05,2020-07-11,,2.33057573070909,
Slovenia,SI,SVN,2080908,2020-W28,2020-07-05,2020-07-11,"TESSy COVID-19, national weekly data",0.384447558469668,
Sweden,SE,SWE,10230185,2020-W28,2020-07-05,2020-07-11,,,0.136849920113859
United Kingdom,UK,GBR,66647112,2020-W28,2020-07-05,2020-07-11,,1.95357302203882,
Belgium,BE,BEL,11455519,2020-W28,2020-07-05,2020-07-11,"TESSy COVID-19, national weekly data",0.567412091935774,
France,FR,FRA,67012883,2020-W28,2020-07-05,2020-07-11,,,0.11639552949841
Greece,EL,GRC,10724599,2020-W28,2020-07-05,2020-07-11,"TESSy COVID-19, national weekly data",,0.0372974318200615
Netherlands,NL,NLD,17282163,2020-W28,2020-07-05,2020-07-11,"TESSy COVID-19, national daily data",0.0520768146903834,
Denmark,DK,DNK,5806081,2020-W28,2020-07-05,2020-07-11,,0.275573144777002,
Latvia,LV,LVA,1919968,2020-W28,2020-07-05,2020-07-11,"TESSy COVID-19, national weekly data",0.0520842014033567,0.0
Estonia,EE,EST,1324820,2020-W28,2020-07-05,2020-07-11,"TESSy COVID-19, national weekly data",,0.150963904530427
Ireland,IE,IRL,4904240,2020-W28,2020-07-05,2020-07-11,,0.0815620768967261,0.0203905192241815
Czechia,CZ,CZE,10649800,2020-W28,2020-07-05,2020-07-11,"TESSy COVID-19, national weekly data",1.04227309433041,0.206576649326748
Romania,RO,ROU,19414458,2020-W28,2020-07-05,2020-07-11,"TESSy COVID-19, national weekly data",,
Estonia,EE,EST,1324820,2020-W28,2020-07-05,2020-07-11,"TESSy COVID-19, national daily data",0.0754819522652134,
Spain,ES,ESP,46937060,2020-W28,2020-07-05,2020-07-11,"TESSy COVID-19, national weekly data",0.556063801183969,0.0426102529642888
Portugal,PT,PRT,10276617,2020-W28,2020-07-05,2020-07-11,"TESSy COVID-19, national daily data",1.12877613323529,
Netherlands,NL,NLD,17282163,2020-W28,2020-07-05,2020-07-11,,,0.0405041892036315
Romania,RO,ROU,19414458,2020-W27,2020-06-28,2020-07-04,"TESSy COVID-19, national weekly data",,
Croatia,HR,HRV,4076246,2020-W27,2020-06-28,2020-07-04,,1.64366919955273,
Greece,EL,GRC,10724599,2020-W27,2020-06-28,2020-07-04,"TESSy COVID-19, national weekly data",,0.0279730738650461
Estonia,EE,EST,1324820,2020-W27,2020-06-28,2020-07-04,"TESSy COVID-19, national weekly data",,0.0754819522652134
Sweden,SE,SWE,10230185,2020-W27,2020-06-28,2020-07-04,,,0.332349805990801
Netherlands,NL,NLD,17282163,2020-W27,2020-06-28,2020-07-04,"TESSy COVID-19, national daily data",0.0289315637168797,
Slovenia,SI,SVN,2080908,2020-W27,2020-06-28,2020-07-04,"TESSy COVID-19, national weekly data",0.528615392895794,
Netherlands,NL,NLD,17282163,2020-W27,2020-06-28,2020-07-04,,,0.0289315637168797
Czechia,CZ,CZE,10649800,2020-W27,2020-06-28,2020-07-04,"TESSy COVID-19, national weekly data",1.0141035512404,0.244136040113429
France,FR,FRA,67012883,2020-W27,2020-06-28,2020-07-04,,,0.108934277607486
Belgium,BE,BEL,11455519,2020-W27,2020-06-28,2020-07-04,"TESSy COVID-19, national weekly data",0.68962392712194,
Ireland,IE,IRL,4904240,2020-W27,2020-06-28,2020-07-04,,0.163124153793452,0.122343115345089
Latvia,LV,LVA,1919968,2020-W27,2020-06-28,2020-07-04,"TESSy COVID-19, national weekly data",0.0520842014033567,0.0
Portugal,PT,PRT,10276617,2020-W27,2020-06-28,2020-07-04,"TESSy COVID-19, national daily data",1.05092950335699,
United Kingdom,UK,GBR,66647112,2020-W27,2020-06-28,2020-07-04,,2.40970681520304,
Denmark,DK,DNK,5806081,2020-W27,2020-06-28,2020-07-04,,0.189456537034189,
Spain,ES,ESP,46937060,2020-W27,2020-06-28,2020-07-04,"TESSy COVID-19, national weekly data",0.43675509288396,0.0255661517785733
Estonia,EE,EST,1324820,2020-W27,2020-06-28,2020-07-04,"TESSy COVID-19, national daily data",0.0754819522652134,
Germany,DE,DEU,83019213,2020-W27,2020-06-28,2020-07-04,"TESSy COVID-19, national daily data",0.244521710896007,
Greece,EL,GRC,10724599,2020-W26,2020-06-21,2020-06-27,"TESSy COVID-19, national weekly data",,0.0279730738650461
Ireland,IE,IRL,4904240,2020-W26,2020-06-21,2020-06-27,,0.163124153793452,0.0815620768967261
Denmark,DK,DNK,5806081,2020-W26,2020-06-21,2020-06-27,,0.516699646456879,
Czechia,CZ,CZE,10649800,2020-W26,2020-06-21,2020-06-27,"TESSy COVID-19, national weekly data",0.995323855847058,0.215966497023418
Latvia,LV,LVA,1919968,2020-W26,2020-06-21,2020-06-27,"TESSy COVID-19, national weekly data",0.104168402806713,0.0
Slovenia,SI,SVN,2080908,2020-W26,2020-06-21,2020-06-27,"TESSy COVID-19, national weekly data",0.0480559448087085,
Germany,DE,DEU,83019213,2020-W26,2020-06-21,2020-06-27,"TESSy COVID-19, national daily data",0.254158034478115,
Spain,ES,ESP,46937060,2020-W26,2020-06-21,2020-06-27,"TESSy COVID-19, national weekly data",0.394144839919671,0.0468712782607177
United Kingdom,UK,GBR,66647112,2020-W26,2020-06-21,2020-06-27,,3.41050036796793,
Cyprus,CY,CYP,875899,2020-W26,2020-06-21,2020-06-27,"TESSy COVID-19, national daily data",0.228336828789621,
Belgium,BE,BEL,11455519,2020-W26,2020-06-21,2020-06-27,"TESSy COVID-19, national weekly data",0.855482846303166,
Netherlands,NL,NLD,17282163,2020-W26,2020-06-21,2020-06-27,,,0.0347178764602556
Sweden,SE,SWE,10230185,2020-W26,2020-06-21,2020-06-27,,,0.547399680455437
Estonia,EE,EST,1324820,2020-W26,2020-06-21,2020-06-27,"TESSy COVID-19, national weekly data",,0.0754819522652134
Netherlands,NL,NLD,17282163,2020-W26,2020-06-21,2020-06-27,"TESSy COVID-19, national daily data",0.081008378407263,
Romania,RO,ROU,19414458,2020-W26,2020-06-21,2020-06-27,"TESSy COVID-19, national weekly data",,
Portugal,PT,PRT,10276617,2020-W26,2020-06-21,2020-06-27,"TESSy COVID-19, national daily data",1.25527690678752,
Croatia,HR,HRV,4076246,2020-W26,2020-06-21,2020-06-27,,1.39834543842545,
France,FR,FRA,67012883,2020-W26,2020-06-21,2020-06-27,,,0.122364531011149
Estonia,EE,EST,1324820,2020-W26,2020-06-21,2020-06-27,"TESSy COVID-19, national daily data",0.150963904530427,
Portugal,PT,PRT,10276617,2020-W25,2020-06-14,2020-06-20,"TESSy COVID-19, national daily data",1.32339270793102,
Denmark,DK,DNK,5806081,2020-W25,2020-06-14,2020-06-20,,0.482253003359753,
Germany,DE,DEU,83019213,2020-W25,2020-06-14,2020-06-20,"TESSy COVID-19, national daily data",0.289089707463259,
Czechia,CZ,CZE,10649800,2020-W25,2020-06-14,2020-06-20,"TESSy COVID-19, national weekly data",1.07044263742042,0.159627410843396
Netherlands,NL,NLD,17282163,2020-W25,2020-06-14,2020-06-20,"TESSy COVID-19, national daily data",0.086794691150639,
Cyprus,CY,CYP,875899,2020-W25,2020-06-14,2020-06-20,"TESSy COVID-19, national daily data",0.11416841439481,
Romania,RO,ROU,19414458,2020-W25,2020-06-14,2020-06-20,"TESSy COVID-19, national weekly data",,
Netherlands,NL,NLD,17282163,2020-W25,2020-06-14,2020-06-20,,,0.0347178764602556
Latvia,LV,LVA,1919968,2020-W25,2020-06-14,2020-06-20,"TESSy COVID-19, national weekly data",0.208336805613427,0.0
United Kingdom,UK,GBR,66647112,2020-W25,2020-06-14,2020-06-20,,3.91314780451402,
Sweden,SE,SWE,10230185,2020-W25,2020-06-14,2020-06-20,,,0.723349577744684
Greece,EL,GRC,10724599,2020-W25,2020-06-14,2020-06-20,"TESSy COVID-19, national weekly data",,0.0186487159100308
Croatia,HR,HRV,4076246,2020-W25,2020-06-14,2020-06-20,,0.147194256676364,
Ireland,IE,IRL,4904240,2020-W25,2020-06-14,2020-06-20,,0.387419865259449,0.285467269138541
Slovenia,SI,SVN,2080908,2020-W25,2020-06-14,2020-06-20,"TESSy COVID-19, national weekly data",0.0,
Spain,ES,ESP,46937060,2020-W25,2020-06-14,2020-06-20,"TESSy COVID-19, national weekly data",0.466582269958962,0.0362187150196455
Belgium,BE,BEL,11455519,2020-W25,2020-06-14,2020-06-20,"TESSy COVID-19, national weekly data",1.06498884947945,
Estonia,EE,EST,1324820,2020-W25,2020-06-14,2020-06-20,"TESSy COVID-19, national daily data",0.377409761326067,
France,FR,FRA,67012883,2020-W25,2020-06-14,2020-06-20,,,0.114903279120225
Ireland,IE,IRL,4904240,2020-W24,2020-06-07,2020-06-13,,0.611715576725446,0.142733634569271
Spain,ES,ESP,46937060,2020-W24,2020-06-07,2020-06-13,"TESSy COVID-19, national weekly data",0.485756883792892,0.0319576897232166
Netherlands,NL,NLD,17282163,2020-W24,2020-06-07,2020-06-13,,,0.0578631274337593
Cyprus,CY,CYP,875899,2020-W24,2020-06-07,2020-06-13,"TESSy COVID-19, national daily data",0.11416841439481,
United Kingdom,UK,GBR,66647112,2020-W24,2020-06-07,2020-06-13,,4.50882252782386,
Czechia,CZ,CZE,10649800,2020-W24,2020-06-07,2020-06-13,"TESSy COVID-19, national weekly data",0.854476140397003,0.169017258540067
France,FR,FRA,67012883,2020-W24,2020-06-07,2020-06-13,,,0.186531297273093
Croatia,HR,HRV,4076246,2020-W24,2020-06-07,2020-06-13,,0.0735971283381818,
Sweden,SE,SWE,10230185,2020-W24,2020-06-07,2020-06-13,,,0.889524480740084
Portugal,PT,PRT,10276617,2020-W24,2020-06-07,2020-06-13,"TESSy COVID-19, national daily data",1.09958364703093,
Estonia,EE,EST,1324820,2020-W24,2020-06-07,2020-06-13,"TESSy COVID-19, national daily data",0.603855618121707,
Netherlands,NL,NLD,17282163,2020-W24,2020-06-07,2020-06-13,"TESSy COVID-19, national daily data",0.138871505841022,
Estonia,EE,EST,1324820,2020-W24,2020-06-07,2020-06-13,"TESSy COVID-19, national weekly data",,0.0
Slovenia,SI,SVN,2080908,2020-W24,2020-06-07,2020-06-13,"TESSy COVID-19, national weekly data",0.096111889617417,
Greece,EL,GRC,10724599,2020-W24,2020-06-07,2020-06-13,"TESSy COVID-19, national weekly data",,0.0745948636401231
Belgium,BE,BEL,11455519,2020-W24,2020-06-07,2020-06-13,"TESSy COVID-19, national weekly data",1.2483066022587,
Germany,DE,DEU,83019213,2020-W24,2020-06-07,2020-06-13,"TESSy COVID-19, national daily data",0.328839542239457,
Denmark,DK,DNK,5806081,2020-W24,2020-06-07,2020-06-13,,0.32724310942269,
Latvia,LV,LVA,1919968,2020-W24,2020-06-07,2020-06-13,"TESSy COVID-19, national weekly data",0.15625260421007,0.0
Romania,RO,ROU,19414458,2020-W24,2020-06-07,2020-06-13,"TESSy COVID-19, national weekly data",,
Denmark,DK,DNK,5806081,2020-W23,2020-05-31,2020-06-06,,0.585592932651129,
Germany,DE,DEU,83019213,2020-W23,2020-05-31,2020-06-06,"TESSy COVID-19, national daily data",0.269817060299042,
Netherlands,NL,NLD,17282163,2020-W23,2020-05-31,2020-06-06,"TESSy COVID-19, national daily data",0.190948320531406,
United Kingdom,UK,GBR,66647112,2020-W23,2020-05-31,2020-06-06,,5.63265216953437,
France,FR,FRA,67012883,2020-W23,2020-05-31,2020-06-06,,,0.192500298785832
Belgium,BE,BEL,11455519,2020-W23,2020-05-31,2020-06-06,"TESSy COVID-19, national weekly data",1.57129502382214,
Latvia,LV,LVA,1919968,2020-W23,2020-05-31,2020-06-06,"TESSy COVID-19, national weekly data",0.15625260421007,0.104168402806713
Cyprus,CY,CYP,875899,2020-W23,2020-05-31,2020-06-06,"TESSy COVID-19, national daily data",0.11416841439481,
Sweden,SE,SWE,10230185,2020-W23,2020-05-31,2020-06-06,,,1.20232429814319
Greece,EL,GRC,10724599,2020-W23,2020-05-31,2020-06-06,"TESSy COVID-19, national weekly data",,0.0279730738650461
Croatia,HR,HRV,4076246,2020-W23,2020-05-31,2020-06-06,,0.0,
Spain,ES,ESP,46937060,2020-W23,2020-05-31,2020-06-06,"TESSy COVID-19, national weekly data",0.668980971539334,0.0426102529642888
Czechia,CZ,CZE,10649800,2020-W23,2020-05-31,2020-06-06,"TESSy COVID-19, national weekly data",0.938984769667036,0.187796953933407
Estonia,EE,EST,1324820,2020-W23,2020-05-31,2020-06-06,"TESSy COVID-19, national daily data",0.301927809060854,
Portugal,PT,PRT,10276617,2020-W23,2020-05-31,2020-06-06,"TESSy COVID-19, national daily data",1.10931447576571,
Netherlands,NL,NLD,17282163,2020-W23,2020-05-31,2020-06-06,,,0.127298880354271
Estonia,EE,EST,1324820,2020-W23,2020-05-31,2020-06-06,"TESSy COVID-19, national weekly data",,0.0
Slovenia,SI,SVN,2080908,2020-W23,2020-05-31,2020-06-06,"TESSy COVID-19, national weekly data",0.0,
Romania,RO,ROU,19414458,2020-W23,2020-05-31,2020-06-06,"TESSy COVID-19, national weekly data",,
Ireland,IE,IRL,4904240,2020-W23,2020-05-31,2020-06-06,,0.550544019052901,0.0611715576725446
Netherlands,NL,NLD,17282163,2020-W22,2020-05-24,2020-05-30,,,0.0983673166373908
France,FR,FRA,67012883,2020-W22,2020-05-24,2020-05-30,,,0.337248585469752
Estonia,EE,EST,1324820,2020-W22,2020-05-24,2020-05-30,"TESSy COVID-19, national daily data",0.603855618121707,
Estonia,EE,EST,1324820,2020-W22,2020-05-24,2020-05-30,"TESSy COVID-19, national weekly data",,0.0754819522652134
Czechia,CZ,CZE,10649800,2020-W22,2020-05-24,2020-05-30,"TESSy COVID-19, national weekly data",1.18312080978047,0.2535258878101
Spain,ES,ESP,46937060,2020-W22,2020-05-24,2020-05-30,"TESSy COVID-19, national weekly data",0.841552496044703,0.053262816205361
United Kingdom,UK,GBR,66647112,2020-W22,2020-05-24,2020-05-30,,6.63494616240836,
Latvia,LV,LVA,1919968,2020-W22,2020-05-24,2020-05-30,"TESSy COVID-19, national weekly data",0.208336805613427,0.0520842014033567
Romania,RO,ROU,19414458,2020-W22,2020-05-24,2020-05-30,"TESSy COVID-19, national weekly data",,
Netherlands,NL,NLD,17282163,2020-W22,2020-05-24,2020-05-30,"TESSy COVID-19, national daily data",0.324033513629052,
Sweden,SE,SWE,10230185,2020-W22,2020-05-24,2020-05-30,,,1.19254930384934
Denmark,DK,DNK,5806081,2020-W22,2020-05-24,2020-05-30,,0.843942755879568,
Portugal,PT,PRT,10276617,2020-W22,2020-05-24,2020-05-30,"TESSy COVID-19, national daily data",1.46935513895283,
Cyprus,CY,CYP,875899,2020-W22,2020-05-24,2020-05-30,"TESSy COVID-19, national daily data",0.11416841439481,
Greece,EL,GRC,10724599,2020-W22,2020-05-24,2020-05-30,"TESSy COVID-19, national weekly data",,0.0186487159100308
Croatia,HR,HRV,4076246,2020-W22,2020-05-24,2020-05-30,,0.0245323761127273,
Germany,DE,DEU,83019213,2020-W22,2020-05-24,2020-05-30,"TESSy COVID-19, national daily data",0.35654397253802,
Slovenia,SI,SVN,2080908,2020-W22,2020-05-24,2020-05-30,"TESSy COVID-19, national weekly data",0.0,
Ireland,IE,IRL,4904240,2020-W22,2020-05-24,2020-05-30,,1.08069751888162,0.305857788362723
Belgium,BE,BEL,11455519,2020-W22,2020-05-24,2020-05-30,"TESSy COVID-19, national weekly data",2.13870711575792,
Latvia,LV,LVA,1919968,2020-W21,2020-05-17,2020-05-23,"TESSy COVID-19, national weekly data",0.416673611226854,0.0
Croatia,HR,HRV,4076246,2020-W21,2020-05-17,2020-05-23,,0.367985641690909,
Romania,RO,ROU,19414458,2020-W21,2020-05-17,2020-05-23,"TESSy COVID-19, national weekly data",,
Netherlands,NL,NLD,17282163,2020-W21,2020-05-17,2020-05-23,,,0.133085193097646
Germany,DE,DEU,83019213,2020-W21,2020-05-17,2020-05-23,"TESSy COVID-19, national daily data",0.434839101642652,
Denmark,DK,DNK,5806081,2020-W21,2020-05-17,2020-05-23,,0.998952649816632,
Sweden,SE,SWE,10230185,2020-W21,2020-05-17,2020-05-23,,,1.08502436661703
Greece,EL,GRC,10724599,2020-W21,2020-05-17,2020-05-23,"TESSy COVID-19, national weekly data",,0.0372974318200615
Portugal,PT,PRT,10276617,2020-W21,2020-05-17,2020-05-23,"TESSy COVID-19, national daily data",1.39150850907453,
Slovenia,SI,SVN,2080908,2020-W21,2020-05-17,2020-05-23,"TESSy COVID-19, national weekly data",0.0,
Belgium,BE,BEL,11455519,2020-W21,2020-05-17,2020-05-23,"TESSy COVID-19, national weekly data",3.00291937886009,
Spain,ES,ESP,46937060,2020-W21,2020-05-17,2020-05-23,"TESSy COVID-19, national weekly data",0.994949406716143,0.0660458920946476
Cyprus,CY,CYP,875899,2020-W21,2020-05-17,2020-05-23,"TESSy COVID-19, national daily data",0.11416841439481,
United Kingdom,UK,GBR,66647112,2020-W21,2020-05-17,2020-05-23,,8.084371307792,
Ireland,IE,IRL,4904240,2020-W21,2020-05-17,2020-05-23,,1.50889842258943,0.203905192241815
Estonia,EE,EST,1324820,2020-W21,2020-05-17,2020-05-23,"TESSy COVID-19, national daily data",1.81156685436512,
Estonia,EE,EST,1324820,2020-W21,2020-05-17,2020-05-23,"TESSy COVID-19, national weekly data",,0.0754819522652134
Czechia,CZ,CZE,10649800,2020-W21,2020-05-17,2020-05-23,"TESSy COVID-19, national weekly data",1.40847715450055,0.384983755563485
Netherlands,NL,NLD,17282163,2020-W21,2020-05-17,2020-05-23,"TESSy COVID-19, national daily data",0.34139245185918,
France,FR,FRA,67012883,2020-W21,2020-05-17,2020-05-23,,,0.399923101353512
Sweden,SE,SWE,10230185,2020-W20,2020-05-10,2020-05-16,,,1.21209929243704
Slovenia,SI,SVN,2080908,2020-W20,2020-05-10,2020-05-16,"TESSy COVID-19, national weekly data",0.0,
Portugal,PT,PRT,10276617,2020-W20,2020-05-10,2020-05-16,"TESSy COVID-19, national daily data",1.44989348148326,
Estonia,EE,EST,1324820,2020-W20,2020-05-10,2020-05-16,"TESSy COVID-19, national daily data",0.754819522652134,
Netherlands,NL,NLD,17282163,2020-W20,2020-05-10,2020-05-16,,,0.196734633274782
Estonia,EE,EST,1324820,2020-W20,2020-05-10,2020-05-16,"TESSy COVID-19, national weekly data",,0.377409761326067
Ireland,IE,IRL,4904240,2020-W20,2020-05-10,2020-05-16,,1.44772686491689,0.387419865259449
Spain,ES,ESP,46937060,2020-W20,2020-05-10,2020-05-16,"TESSy COVID-19, national weekly data",1.28896015216973,0.0639153794464332
Netherlands,NL,NLD,17282163,2020-W20,2020-05-10,2020-05-16,"TESSy COVID-19, national daily data",0.52655445964721,
United Kingdom,UK,GBR,66647112,2020-W20,2020-05-10,2020-05-16,,9.56080437513932,
Germany,DE,DEU,83019213,2020-W20,2020-05-10,2020-05-16,"TESSy COVID-19, national daily data",0.562520389105592,
France,FR,FRA,67012883,2020-W20,2020-05-10,2020-05-16,,,0.640175412241255
Greece,EL,GRC,10724599,2020-W20,2020-05-10,2020-05-16,"TESSy COVID-19, national weekly data",,0.0466217897750769
Romania,RO,ROU,19414458,2020-W20,2020-05-10,2020-05-16,"TESSy COVID-19, national weekly data",,
Croatia,HR,HRV,4076246,2020-W20,2020-05-10,2020-05-16,,0.367985641690909,
Denmark,DK,DNK,5806081,2020-W20,2020-05-10,2020-05-16,,1.05062261446232,
Belgium,BE,BEL,11455519,2020-W20,2020-05-10,2020-05-16,"TESSy COVID-19, national weekly data",3.74491980677611,
Cyprus,CY,CYP,875899,2020-W20,2020-05-10,2020-05-16,"TESSy COVID-19, national daily data",0.11416841439481,
Czechia,CZ,CZE,10649800,2020-W20,2020-05-10,2020-05-16,"TESSy COVID-19, national weekly data",1.83102030085072,0.51644162331687
Latvia,LV,LVA,1919968,2020-W20,2020-05-10,2020-05-16,"TESSy COVID-19, national weekly data",0.520842014033567,0.0520842014033567
Belgium,BE,BEL,11455519,2020-W19,2020-05-03,2020-05-09,"TESSy COVID-19, national weekly data",5.44715608258343,
Ireland,IE,IRL,4904240,2020-W19,2020-05-03,2020-05-09,,2.52842438379851,
Cyprus,CY,CYP,875899,2020-W19,2020-05-03,2020-05-09,"TESSy COVID-19, national daily data",0.456673657579241,0.11416841439481
Slovenia,SI,SVN,2080908,2020-W19,2020-05-03,2020-05-09,"TESSy COVID-19, national weekly data",0.096111889617417,
Croatia,HR,HRV,4076246,2020-W19,2020-05-03,2020-05-09,,0.98129504450909,
Netherlands,NL,NLD,17282163,2020-W19,2020-05-03,2020-05-09,,,0.254597760708541
Estonia,EE,EST,1324820,2020-W19,2020-05-03,2020-05-09,"TESSy COVID-19, national weekly data",,0.377409761326067
Sweden,SE,SWE,10230185,2020-W19,2020-05-03,2020-05-09,,,1.52489910984015
Spain,ES,ESP,46937060,2020-W19,2020-05-03,2020-05-09,"TESSy COVID-19, national weekly data",1.97072419959836,0.174702037153584
Germany,DE,DEU,83019213,2020-W19,2020-05-03,2020-05-09,"TESSy COVID-19, national daily data",0.891359931345049,
United Kingdom,UK,GBR,66647112,2020-W19,2020-05-03,2020-05-09,,11.3418267846325,
Denmark,DK,DNK,5806081,2020-W19,2020-05-03,2020-05-09,,1.39508904543357,
Greece,EL,GRC,10724599,2020-W19,2020-05-03,2020-05-09,"TESSy COVID-19, national weekly data",,0.0372974318200615
Portugal,PT,PRT,10276617,2020-W19,2020-05-03,2020-05-09,"TESSy COVID-19, national daily data",1.37204685160496,
Latvia,LV,LVA,1919968,2020-W19,2020-05-03,2020-05-09,"TESSy COVID-19, national weekly data",0.520842014033567,0.0
Czechia,CZ,CZE,10649800,2020-W19,2020-05-03,2020-05-09,"TESSy COVID-19, national weekly data",2.70427613664106,0.657289338766925
Netherlands,NL,NLD,17282163,2020-W19,2020-05-03,2020-05-09,"TESSy COVID-19, national daily data",0.977886853630532,
Romania,RO,ROU,19414458,2020-W19,2020-05-03,2020-05-09,"TESSy COVID-19, national weekly data",,
France,FR,FRA,67012883,2020-W19,2020-05-03,2020-05-09,,,0.787908199681545
Estonia,EE,EST,1324820,2020-W19,2020-05-03,2020-05-09,"TESSy COVID-19, national daily data",0.45289171359128,
Netherlands,NL,NLD,17282163,2020-W18,2020-04-26,2020-05-02,,,0.486050270443578
United Kingdom,UK,GBR,66647112,2020-W18,2020-04-26,2020-05-02,,14.4717448522001,
France,FR,FRA,67012883,2020-W18,2020-04-26,2020-05-02,,,1.08337377456212
Germany,DE,DEU,83019213,2020-W18,2020-04-26,2020-05-02,"TESSy COVID-19, national daily data",1.17563147701725,
Denmark,DK,DNK,5806081,2020-W18,2020-04-26,2020-05-02,,2.13569187202177,
Romania,RO,ROU,19414458,2020-W18,2020-04-26,2020-05-02,"TESSy COVID-19, national weekly data",,
Estonia,EE,EST,1324820,2020-W18,2020-04-26,2020-05-02,"TESSy COVID-19, national weekly data",,0.603855618121707
Belgium,BE,BEL,11455519,2020-W18,2020-04-26,2020-05-02,"TESSy COVID-19, national weekly data",7.7779103679196,
Spain,ES,ESP,46937060,2020-W18,2020-04-26,2020-05-02,"TESSy COVID-19, national weekly data",2.35634698892517,0.185354600394656
Greece,EL,GRC,10724599,2020-W18,2020-04-26,2020-05-02,"TESSy COVID-19, national weekly data",,0.0372974318200615
Cyprus,CY,CYP,875899,2020-W18,2020-04-26,2020-05-02,"TESSy COVID-19, national daily data",0.570842071974052,
Czechia,CZ,CZE,10649800,2020-W18,2020-04-26,2020-05-02,"TESSy COVID-19, national weekly data",3.60570151552142,0.845086292700332
Slovenia,SI,SVN,2080908,2020-W18,2020-04-26,2020-05-02,"TESSy COVID-19, national weekly data",0.288335668852251,
Latvia,LV,LVA,1919968,2020-W18,2020-04-26,2020-05-02,"TESSy COVID-19, national weekly data",0.468757812630211,0.104168402806713
Portugal,PT,PRT,10276617,2020-W18,2020-04-26,2020-05-02,"TESSy COVID-19, national daily data",1.51800928262676,
Croatia,HR,HRV,4076246,2020-W18,2020-04-26,2020-05-02,,0.588777026705454,
Ireland,IE,IRL,4904240,2020-W18,2020-04-26,2020-05-02,,4.24122799862976,0.367029346035267
Sweden,SE,SWE,10230185,2020-W18,2020-04-26,2020-05-02,,,1.83769892724325
Estonia,EE,EST,1324820,2020-W18,2020-04-26,2020-05-02,"TESSy COVID-19, national daily data",1.81156685436512,
Netherlands,NL,NLD,17282163,2020-W18,2020-04-26,2020-05-02,"TESSy COVID-19, national daily data",1.46393712407411,
Romania,RO,ROU,19414458,2020-W17,2020-04-19,2020-04-25,"TESSy COVID-19, national weekly data",,
Estonia,EE,EST,1324820,2020-W17,2020-04-19,2020-04-25,"TESSy COVID-19, national daily data",1.6606029498347,
France,FR,FRA,67012883,2020-W17,2020-04-19,2020-04-25,,,1.66684367243236
Netherlands,NL,NLD,17282163,2020-W17,2020-04-19,2020-04-25,,,0.68278490371836
Sweden,SE,SWE,10230185,2020-W17,2020-04-19,2020-04-25,,,2.32644864193561
Greece,EL,GRC,10724599,2020-W17,2020-04-19,2020-04-25,"TESSy COVID-19, national weekly data",,0.0932435795501538
Ireland,IE,IRL,4904240,2020-W17,2020-04-19,2020-04-25,,3.91497969104285,0.917573365088169
Slovenia,SI,SVN,2080908,2020-W17,2020-04-19,2020-04-25,"TESSy COVID-19, national weekly data",0.624727282513211,
Cyprus,CY,CYP,875899,2020-W17,2020-04-19,2020-04-25,"TESSy COVID-19, national daily data",0.799178900763673,0.228336828789621
Netherlands,NL,NLD,17282163,2020-W17,2020-04-19,2020-04-25,"TESSy COVID-19, national daily data",2.45918291593477,
Estonia,EE,EST,1324820,2020-W17,2020-04-19,2020-04-25,"TESSy COVID-19, national weekly data",,0.603855618121707
Latvia,LV,LVA,1919968,2020-W17,2020-04-19,2020-04-25,"TESSy COVID-19, national weekly data",0.729178819646994,0.208336805613427
Belgium,BE,BEL,11455519,2020-W17,2020-04-19,2020-04-25,"TESSy COVID-19, national weekly data",12.2386423522147,
Spain,ES,ESP,46937060,2020-W17,2020-04-19,2020-04-25,"TESSy COVID-19, national weekly data",3.75609379880206,0.247139467192875
Germany,DE,DEU,83019213,2020-W17,2020-04-19,2020-04-25,"TESSy COVID-19, national daily data",1.78392440313786,
Denmark,DK,DNK,5806081,2020-W17,2020-04-19,2020-04-25,,3.58245088210103,
Croatia,HR,HRV,4076246,2020-W17,2020-04-19,2020-04-25,,2.50230236349818,
United Kingdom,UK,GBR,66647112,2020-W17,2020-04-19,2020-04-25,,15.9451770393292,
Portugal,PT,PRT,10276617,2020-W17,2020-04-19,2020-04-25,"TESSy COVID-19, national daily data",2.26728309520536,
Czechia,CZ,CZE,10649800,2020-W17,2020-04-19,2020-04-25,"TESSy COVID-19, national weekly data",4.62919491445849,1.20190050517381
Netherlands,NL,NLD,17282163,2020-W16,2020-04-12,2020-04-18,,,1.1051857339848
Portugal,PT,PRT,10276617,2020-W16,2020-04-12,2020-04-18,"TESSy COVID-19, national daily data",3.32794342729714,
Romania,RO,ROU,19414458,2020-W16,2020-04-12,2020-04-18,"TESSy COVID-19, national weekly data",,
Cyprus,CY,CYP,875899,2020-W16,2020-04-12,2020-04-18,"TESSy COVID-19, national daily data",1.37002097273772,0.456673657579241
Denmark,DK,DNK,5806081,2020-W16,2020-04-12,2020-04-18,,3.90969399152372,
United Kingdom,UK,GBR,66647112,2020-W16,2020-04-12,2020-04-18,,20.0893926206435,
Ireland,IE,IRL,4904240,2020-W16,2020-04-12,2020-04-18,,4.5266952677683,1.20304063422671
Czechia,CZ,CZE,10649800,2020-W16,2020-04-12,2020-04-18,"TESSy COVID-19, national weekly data",4.96722943153862,1.33335837292719
Estonia,EE,EST,1324820,2020-W16,2020-04-12,2020-04-18,"TESSy COVID-19, national daily data",3.24572394740418,
Belgium,BE,BEL,11455519,2020-W16,2020-04-12,2020-04-18,"TESSy COVID-19, national weekly data",16.7779390877009,
Netherlands,NL,NLD,17282163,2020-W16,2020-04-12,2020-04-18,"TESSy COVID-19, national daily data",4.36866612124883,
Spain,ES,ESP,46937060,2020-W16,2020-04-12,2020-04-18,"TESSy COVID-19, national weekly data",6.65572151302191,0.364317662844669
France,FR,FRA,67012883,2020-W16,2020-04-12,2020-04-18,,,2.44878287060117
Slovenia,SI,SVN,2080908,2020-W16,2020-04-12,2020-04-18,"TESSy COVID-19, national weekly data",0.720839172130628,
Germany,DE,DEU,83019213,2020-W16,2020-04-12,2020-04-18,"TESSy COVID-19, national daily data",2.55362574925879,
Croatia,HR,HRV,4076246,2020-W16,2020-04-12,2020-04-18,,1.76633108011636,
Estonia,EE,EST,1324820,2020-W16,2020-04-12,2020-04-18,"TESSy COVID-19, national weekly data",,
Sweden,SE,SWE,10230185,2020-W16,2020-04-12,2020-04-18,,,2.44374857346177
Latvia,LV,LVA,1919968,2020-W16,2020-04-12,2020-04-18,"TESSy COVID-19, national weekly data",0.937515625260421,0.15625260421007
Greece,EL,GRC,10724599,2020-W16,2020-04-12,2020-04-18,"TESSy COVID-19, national weekly data",,0.158514085235262
Portugal,PT,PRT,10276617,2020-W15,2020-04-05,2020-04-11,"TESSy COVID-19, national daily data",4.35941127318455,
Denmark,DK,DNK,5806081,2020-W15,2020-04-05,2020-04-11,,4.49528692417484,
Sweden,SE,SWE,10230185,2020-W15,2020-04-05,2020-04-11,,,2.82497335092181
Latvia,LV,LVA,1919968,2020-W15,2020-04-05,2020-04-11,"TESSy COVID-19, national weekly data",1.30210503508392,0.0
Germany,DE,DEU,83019213,2020-W15,2020-04-05,2020-04-11,"TESSy COVID-19, national daily data",3.63289399045496,
Netherlands,NL,NLD,17282163,2020-W15,2020-04-05,2020-04-11,,,1.89212426708393
Belgium,BE,BEL,11455519,2020-W15,2020-04-05,2020-04-11,"TESSy COVID-19, national weekly data",24.5209317884244,
Netherlands,NL,NLD,17282163,2020-W15,2020-04-05,2020-04-11,"TESSy COVID-19, national daily data",7.58585600656585,
Spain,ES,ESP,46937060,2020-W15,2020-04-05,2020-04-11,"TESSy COVID-19, national weekly data",12.0544405635973,0.57097738972147
Romania,RO,ROU,19414458,2020-W15,2020-04-05,2020-04-11,"TESSy COVID-19, national weekly data",,
Ireland,IE,IRL,4904240,2020-W15,2020-04-05,2020-04-11,,5.72973590199501,0.958354403536532
Slovenia,SI,SVN,2080908,2020-W15,2020-04-05,2020-04-11,"TESSy COVID-19, national weekly data",1.44167834426126,
Cyprus,CY,CYP,875899,2020-W15,2020-04-05,2020-04-11,"TESSy COVID-19, national daily data",2.28336828789621,0.799178900763673
Estonia,EE,EST,1324820,2020-W15,2020-04-05,2020-04-11,"TESSy COVID-19, national daily data",4.83084494497366,
Czechia,CZ,CZE,10649800,2020-W15,2020-04-05,2020-04-11,"TESSy COVID-19, national weekly data",5.49306090255216,1.49298578377059
Greece,EL,GRC,10724599,2020-W15,2020-04-05,2020-04-11,"TESSy COVID-19, national weekly data",,0.186487159100308
United Kingdom,UK,GBR,66647112,2020-W15,2020-04-05,2020-04-11,,27.7251323358167,
France,FR,FRA,67012883,2020-W15,2020-04-05,2020-04-11,,,4.1081652911426
Spain,ES,ESP,46937060,2020-W14,2020-03-29,2020-04-04,"TESSy COVID-19, national weekly data",21.1495990588247,1.20373964624116
Belgium,BE,BEL,11455519,2020-W14,2020-03-29,2020-04-04,"TESSy COVID-19, national weekly data",30.9370531356982,
Germany,DE,DEU,83019213,2020-W14,2020-03-29,2020-04-04,"TESSy COVID-19, national daily data",4.96391118523371,
Sweden,SE,SWE,10230185,2020-W14,2020-03-29,2020-04-04,,,2.70767341939564
Latvia,LV,LVA,1919968,2020-W14,2020-03-29,2020-04-04,"TESSy COVID-19, national weekly data",1.45835763929399,0.208336805613427
United Kingdom,UK,GBR,66647112,2020-W14,2020-03-29,2020-04-04,,32.4605213201136,
Ireland,IE,IRL,4904240,2020-W14,2020-03-29,2020-04-04,,3.38482619121413,0.0815620768967261
Denmark,DK,DNK,5806081,2020-W14,2020-03-29,2020-04-04,,7.00989187026499,
Slovenia,SI,SVN,2080908,2020-W14,2020-03-29,2020-04-04,"TESSy COVID-19, national weekly data",1.82612590273092,
Portugal,PT,PRT,10276617,2020-W14,2020-03-29,2020-04-04,"TESSy COVID-19, national daily data",6.47100110863332,
Estonia,EE,EST,1324820,2020-W14,2020-03-29,2020-04-04,"TESSy COVID-19, national daily data",7.69915913105177,
Netherlands,NL,NLD,17282163,2020-W14,2020-03-29,2020-04-04,,,3.50071920974244
Greece,EL,GRC,10724599,2020-W14,2020-03-29,2020-04-04,"TESSy COVID-19, national weekly data",,0.372974318200615
France,FR,FRA,67012883,2020-W14,2020-03-29,2020-04-04,,,6.70318869880587
Cyprus,CY,CYP,875899,2020-W14,2020-03-29,2020-04-04,"TESSy COVID-19, national daily data",4.11006291821317,1.02751572955329
Netherlands,NL,NLD,17282163,2020-W14,2020-03-29,2020-04-04,"TESSy COVID-19, national daily data",13.3490234989683,
Romania,RO,ROU,19414458,2020-W14,2020-03-29,2020-04-04,"TESSy COVID-19, national weekly data",10.9918082698987,
Czechia,CZ,CZE,10649800,2020-W14,2020-03-29,2020-04-04,"TESSy COVID-19, national weekly data",4.96722943153862,1.21129035287048
Estonia,EE,EST,1324820,2020-W13,2020-03-22,2020-03-28,"TESSy COVID-19, national daily data",5.43470056309536,
Slovenia,SI,SVN,2080908,2020-W13,2020-03-22,2020-03-28,"TESSy COVID-19, national weekly data",3.60419586065314,
Greece,EL,GRC,10724599,2020-W13,2020-03-22,2020-03-28,"TESSy COVID-19, national weekly data",,0.512839687525846
Cyprus,CY,CYP,875899,2020-W13,2020-03-22,2020-03-28,"TESSy COVID-19, national daily data",6.05092596292495,1.94086304471178
Czechia,CZ,CZE,10649800,2020-W13,2020-03-22,2020-03-28,"TESSy COVID-19, national weekly data",3.35217562771132,0.704238577250277
Denmark,DK,DNK,5806081,2020-W13,2020-03-22,2020-03-28,,9.66228338874363,
Netherlands,NL,NLD,17282163,2020-W13,2020-03-22,2020-03-28,,,4.17771780071742
France,FR,FRA,67012883,2020-W13,2020-03-22,2020-03-28,,,6.0943505445065
Portugal,PT,PRT,10276617,2020-W13,2020-03-22,2020-03-28,"TESSy COVID-19, national daily data",6.65588685459427,
Latvia,LV,LVA,1919968,2020-W13,2020-03-22,2020-03-28,"TESSy COVID-19, national weekly data",1.51044184069735,0.15625260421007
Spain,ES,ESP,46937060,2020-W13,2020-03-22,2020-03-28,"TESSy COVID-19, national weekly data",35.9502704259704,2.77605798062341
United Kingdom,UK,GBR,66647112,2020-W13,2020-03-22,2020-03-28,,20.874122797699,
Sweden,SE,SWE,10230185,2020-W13,2020-03-22,2020-03-28,,,2.32644864193561
Ireland,IE,IRL,4904240,2020-W13,2020-03-22,2020-03-28,,,0.0
Romania,RO,ROU,19414458,2020-W13,2020-03-22,2020-03-28,"TESSy COVID-19, national weekly data",7.08750148986905,
Germany,DE,DEU,83019213,2020-W13,2020-03-22,2020-03-28,"TESSy COVID-19, national daily data",5.32527331956279,
Netherlands,NL,NLD,17282163,2020-W13,2020-03-22,2020-03-28,"TESSy COVID-19, national daily data",19.0022510492466,
Belgium,BE,BEL,11455519,2020-W13,2020-03-22,2020-03-28,"TESSy COVID-19, national weekly data",30.4743940453505,
Slovenia,SI,SVN,2080908,2020-W12,2020-03-15,2020-03-21,"TESSy COVID-19, national weekly data",2.40279724043543,
Latvia,LV,LVA,1919968,2020-W12,2020-03-15,2020-03-21,"TESSy COVID-19, national weekly data",0.833347222453708,0.0
Sweden,SE,SWE,10230185,2020-W12,2020-03-15,2020-03-21,,,0.860199497858543
Estonia,EE,EST,1324820,2020-W12,2020-03-15,2020-03-21,"TESSy COVID-19, national daily data",2.49090442475204,
Netherlands,NL,NLD,17282163,2020-W12,2020-03-15,2020-03-21,,,2.32031141009375
Spain,ES,ESP,46937060,2020-W12,2020-03-15,2020-03-21,"TESSy COVID-19, national weekly data",49.2254947369946,4.95131139445036
United Kingdom,UK,GBR,66647112,2020-W12,2020-03-15,2020-03-21,,4.9589545605517,
Greece,EL,GRC,10724599,2020-W12,2020-03-15,2020-03-21,"TESSy COVID-19, national weekly data",,0.391623034110646
Portugal,PT,PRT,10276617,2020-W12,2020-03-15,2020-03-21,"TESSy COVID-19, national daily data",4.14533304101924,
France,FR,FRA,67012883,2020-W12,2020-03-15,2020-03-21,,,1.92052623672377
Romania,RO,ROU,19414458,2020-W12,2020-03-15,2020-03-21,"TESSy COVID-19, national weekly data",,
Denmark,DK,DNK,5806081,2020-W12,2020-03-15,2020-03-21,,5.6664727894771,
Belgium,BE,BEL,11455519,2020-W12,2020-03-15,2020-03-21,"TESSy COVID-19, national weekly data",13.3036312016941,
Germany,DE,DEU,83019213,2020-W12,2020-03-15,2020-03-21,"TESSy COVID-19, national daily data",2.80537470284138,
Czechia,CZ,CZE,10649800,2020-W12,2020-03-15,2020-03-21,"TESSy COVID-19, national weekly data",1.14556141899378,0.187796953933407
Cyprus,CY,CYP,875899,2020-W12,2020-03-15,2020-03-21,"TESSy COVID-19, national daily data",2.74004194547545,0.342505243184431
Netherlands,NL,NLD,17282163,2020-W12,2020-03-15,2020-03-21,"TESSy COVID-19, national daily data",10.8261911428564,
Greece,EL,GRC,10724599,2020-W11,2020-03-08,2020-03-14,"TESSy COVID-19, national weekly data",,0.1212166534152
Czechia,CZ,CZE,10649800,2020-W11,2020-03-08,2020-03-14,"TESSy COVID-19, national weekly data",0.103288324663374,0.0
Cyprus,CY,CYP,875899,2020-W11,2020-03-08,2020-03-14,"TESSy COVID-19, national daily data",1.02751572955329,
United Kingdom,UK,GBR,66647112,2020-W11,2020-03-08,2020-03-14,,0.267078339418518,
Latvia,LV,LVA,1919968,2020-W11,2020-03-08,2020-03-14,"TESSy COVID-19, national weekly data",0.31250520842014,0.0
Germany,DE,DEU,83019213,2020-W11,2020-03-08,2020-03-14,"TESSy COVID-19, national daily data",1.10817721194249,
Sweden,SE,SWE,10230185,2020-W11,2020-03-08,2020-03-14,,,0.156399908701553
Slovenia,SI,SVN,2080908,2020-W11,2020-03-08,2020-03-14,"TESSy COVID-19, national weekly data",2.35474129562672,
Netherlands,NL,NLD,17282163,2020-W11,2020-03-08,2020-03-14,,,0.601776525311097
Romania,RO,ROU,19414458,2020-W11,2020-03-08,2020-03-14,"TESSy COVID-19, national weekly data",0.73656447169424,
Netherlands,NL,NLD,17282163,2020-W11,2020-03-08,2020-03-14,"TESSy COVID-19, national daily data",2.89315637168797,
Denmark,DK,DNK,5806081,2020-W11,2020-03-08,2020-03-14,,2.34237173060452,
Belgium,BE,BEL,11455519,2020-W11,2020-03-08,2020-03-14,"TESSy COVID-19, national weekly data",13.3036312016941,
Spain,ES,ESP,46937060,2020-W11,2020-03-08,2020-03-14,"TESSy COVID-19, national weekly data",38.8925083931546,4.7659567940557
Estonia,EE,EST,1324820,2020-W11,2020-03-08,2020-03-14,"TESSy COVID-19, national daily data",0.301927809060854,
Portugal,PT,PRT,10276617,2020-W11,2020-03-08,2020-03-14,"TESSy COVID-19, national daily data",1.64451005617899,
Denmark,DK,DNK,5806081,2020-W10,2020-03-01,2020-03-07,,0.155009893937064,
Germany,DE,DEU,83019213,2020-W10,2020-03-01,2020-03-07,"TESSy COVID-19, national daily data",0.396293807314218,
United Kingdom,UK,GBR,66647112,2020-W10,2020-03-01,2020-03-07,,0.151544451018373,
Slovenia,SI,SVN,2080908,2020-W10,2020-03-01,2020-03-07,"TESSy COVID-19, national weekly data",0.865007006556753,
Sweden,SE,SWE,10230185,2020-W10,2020-03-01,2020-03-07,,,0.0293249828815412
Latvia,LV,LVA,1919968,2020-W10,2020-03-01,2020-03-07,"TESSy COVID-19, national weekly data",0.15625260421007,0.0
Spain,ES,ESP,46937060,2020-W10,2020-03-01,2020-03-07,"TESSy COVID-19, national weekly data",10.2903760908757,1.48070629050904
Greece,EL,GRC,10724599,2020-W10,2020-03-01,2020-03-07,"TESSy COVID-19, national weekly data",,0.0186487159100308
Netherlands,NL,NLD,17282163,2020-W10,2020-03-01,2020-03-07,"TESSy COVID-19, national daily data",0.624921776284601,
Czechia,CZ,CZE,10649800,2020-W10,2020-03-01,2020-03-07,"TESSy COVID-19, national weekly data",0.0,0.0
Portugal,PT,PRT,10276617,2020-W10,2020-03-01,2020-03-07,"TESSy COVID-19, national daily data",0.807658784987316,
Netherlands,NL,NLD,17282163,2020-W10,2020-03-01,2020-03-07,,,0.104153629380767
Romania,RO,ROU,19414458,2020-W10,2020-03-01,2020-03-07,"TESSy COVID-19, national weekly data",0.0618096060162998,
Cyprus,CY,CYP,875899,2020-W10,2020-03-01,2020-03-07,"TESSy COVID-19, national daily data",0.11416841439481,
Belgium,BE,BEL,11455519,2020-W10,2020-03-01,2020-03-07,"TESSy COVID-19, national weekly data",,
Belgium,BE,BEL,11455519,2020-W09,2020-02-23,2020-02-29,"TESSy COVID-19, national weekly data",,
Czechia,CZ,CZE,10649800,2020-W09,2020-02-23,2020-02-29,"TESSy COVID-19, national weekly data",0.0,0.0
Greece,EL,GRC,10724599,2020-W09,2020-02-23,2020-02-29,"TESSy COVID-19, national weekly data",,0.0
Netherlands,NL,NLD,17282163,2020-W09,2020-02-23,2020-02-29,"TESSy COVID-19, national daily data",0.179375695044654,
United Kingdom,UK,GBR,66647112,2020-W09,2020-02-23,2020-02-29,,0.007502200545464,
Denmark,DK,DNK,5806081,2020-W09,2020-02-23,2020-02-29,,0.0172233215485626,
Slovenia,SI,SVN,2080908,2020-W09,2020-02-23,2020-02-29,"TESSy COVID-19, national weekly data",0.0,
Netherlands,NL,NLD,17282163,2020-W09,2020-02-23,2020-02-29,,,0.0173589382301278
Sweden,SE,SWE,10230185,2020-W09,2020-02-23,2020-02-29,,,0.0
Spain,ES,ESP,46937060,2020-W09,2020-02-23,2020-02-29,"TESSy COVID-19, national weekly data",2.12625162291801,0.366448175492883
Latvia,LV,LVA,1919968,2020-W09,2020-02-23,2020-02-29,"TESSy COVID-19, national weekly data",0.0,0.0
Estonia,EE,EST,1324820,2020-W09,2020-02-23,2020-02-29,"TESSy COVID-19, national daily data",0.0754819522652134,
Germany,DE,DEU,83019213,2020-W09,2020-02-23,2020-02-29,"TESSy COVID-19, national daily data",0.21199911880639,
Romania,RO,ROU,19414458,2020-W09,2020-02-23,2020-02-29,"TESSy COVID-19, national weekly data",0.015452401504075,
Portugal,PT,PRT,10276617,2020-W09,2020-02-23,2020-02-29,"TESSy COVID-19, national daily data",0.214078232165313,
Germany,DE,DEU,83019213,2020-W08,2020-02-16,2020-02-22,"TESSy COVID-19, national daily data",0.0662497246269969,
Portugal,PT,PRT,10276617,2020-W08,2020-02-16,2020-02-22,"TESSy COVID-19, national daily data",0.155693259756591,
Latvia,LV,LVA,1919968,2020-W08,2020-02-16,2020-02-22,"TESSy COVID-19, national weekly data",0.0,0.0
Czechia,CZ,CZE,10649800,2020-W08,2020-02-16,2020-02-22,"TESSy COVID-19, national weekly data",0.0,0.0
Sweden,SE,SWE,10230185,2020-W08,2020-02-16,2020-02-22,,,0.0
Belgium,BE,BEL,11455519,2020-W08,2020-02-16,2020-02-22,"TESSy COVID-19, national weekly data",,
Netherlands,NL,NLD,17282163,2020-W08,2020-02-16,2020-02-22,"TESSy COVID-19, national daily data",0.0694357529205112,
Slovenia,SI,SVN,2080908,2020-W08,2020-02-16,2020-02-22,"TESSy COVID-19, national weekly data",0.0,
Greece,EL,GRC,10724599,2020-W08,2020-02-16,2020-02-22,"TESSy COVID-19, national weekly data",,0.0
Spain,ES,ESP,46937060,2020-W08,2020-02-16,2020-02-22,"TESSy COVID-19, national weekly data",0.383492276678599,0.0788289679839342
Netherlands,NL,NLD,17282163,2020-W07,2020-02-09,2020-02-15,"TESSy COVID-19, national daily data",0.0405041892036315,
Spain,ES,ESP,46937060,2020-W07,2020-02-09,2020-02-15,"TESSy COVID-19, national weekly data",0.202398701580372,0.0255661517785733
Portugal,PT,PRT,10276617,2020-W07,2020-02-09,2020-02-15,"TESSy COVID-19, national daily data",0.155693259756591,
Czechia,CZ,CZE,10649800,2020-W07,2020-02-09,2020-02-15,"TESSy COVID-19, national weekly data",0.0,0.0
Germany,DE,DEU,83019213,2020-W07,2020-02-09,2020-02-15,"TESSy COVID-19, national daily data",0.0409543752239617,
Slovenia,SI,SVN,2080908,2020-W07,2020-02-09,2020-02-15,"TESSy COVID-19, national weekly data",0.0,
Sweden,SE,SWE,10230185,2020-W07,2020-02-09,2020-02-15,,,0.0
Greece,EL,GRC,10724599,2020-W07,2020-02-09,2020-02-15,"TESSy COVID-19, national weekly data",,0.0
Latvia,LV,LVA,1919968,2020-W07,2020-02-09,2020-02-15,"TESSy COVID-19, national weekly data",0.0,0.0
Belgium,BE,BEL,11455519,2020-W07,2020-02-09,2020-02-15,"TESSy COVID-19, national weekly data",,
Netherlands,NL,NLD,17282163,2020-W06,2020-02-02,2020-02-08,"TESSy COVID-19, national daily data",0.0115726254867519,
Belgium,BE,BEL,11455519,2020-W06,2020-02-02,2020-02-08,"TESSy COVID-19, national weekly data",,
Sweden,SE,SWE,10230185,2020-W06,2020-02-02,2020-02-08,,,0.0
Portugal,PT,PRT,10276617,2020-W06,2020-02-02,2020-02-08,"TESSy COVID-19, national daily data",0.0875774586130825,
Slovenia,SI,SVN,2080908,2020-W06,2020-02-02,2020-02-08,"TESSy COVID-19, national weekly data",0.0,
Greece,EL,GRC,10724599,2020-W06,2020-02-02,2020-02-08,"TESSy COVID-19, national weekly data",,0.0
Czechia,CZ,CZE,10649800,2020-W06,2020-02-02,2020-02-08,"TESSy COVID-19, national weekly data",0.0,0.0
Latvia,LV,LVA,1919968,2020-W06,2020-02-02,2020-02-08,"TESSy COVID-19, national weekly data",0.0,0.0
Germany,DE,DEU,83019213,2020-W06,2020-02-02,2020-02-08,"TESSy COVID-19, national daily data",0.0289089707463259,
Spain,ES,ESP,46937060,2020-W06,2020-02-02,2020-02-08,"TESSy COVID-19, national weekly data",0.0745679426875054,0.0149135885375011
Latvia,LV,LVA,1919968,2020-W05,2020-01-26,2020-02-01,"TESSy COVID-19, national weekly data",0.0,0.0
Germany,DE,DEU,83019213,2020-W05,2020-01-26,2020-02-01,"TESSy COVID-19, national daily data",0.0493861583583068,
Cyprus,CY,CYP,875899,2020-W05,2020-01-26,2020-02-01,"TESSy COVID-19, national daily data",0.11416841439481,
Spain,ES,ESP,46937060,2020-W05,2020-01-26,2020-02-01,"TESSy COVID-19, national weekly data",0.0255661517785733,0.00213051264821444
Greece,EL,GRC,10724599,2020-W05,2020-01-26,2020-02-01,"TESSy COVID-19, national weekly data",,0.0
Portugal,PT,PRT,10276617,2020-W05,2020-01-26,2020-02-01,"TESSy COVID-19, national daily data",0.0875774586130825,
Slovenia,SI,SVN,2080908,2020-W05,2020-01-26,2020-02-01,"TESSy COVID-19, national weekly data",0.0,
Czechia,CZ,CZE,10649800,2020-W05,2020-01-26,2020-02-01,"TESSy COVID-19, national weekly data",0.0,0.0
Netherlands,NL,NLD,17282163,2020-W05,2020-01-26,2020-02-01,"TESSy COVID-19, national daily data",0.0173589382301278,
